7Networks_RH_Vis_1	0
7Networks_RH_Vis_2	1
7Networks_RH_Vis_3	2
7Networks_RH_Vis_4	3
7Networks_RH_Vis_5	4
7Networks_RH_Vis_6	5
7Networks_RH_Vis_7	6
7Networks_RH_Vis_8	7
7Networks_RH_Vis_9	8
7Networks_RH_Vis_10	9
7Networks_RH_Vis_11	10
7Networks_RH_Vis_12	11
7Networks_RH_Vis_13	12
7Networks_RH_Vis_14	13
7Networks_RH_Vis_15	14
7Networks_RH_Vis_16	15
7Networks_RH_Vis_17	16
7Networks_RH_Vis_18	17
7Networks_RH_Vis_19	18
7Networks_RH_Vis_20	19
7Networks_RH_Vis_21	20
7Networks_RH_Vis_22	21
7Networks_RH_Vis_23	22
7Networks_RH_Vis_24	23
7Networks_RH_Vis_25	24
7Networks_RH_Vis_26	25
7Networks_RH_Vis_27	26
7Networks_RH_Vis_28	27
7Networks_RH_Vis_29	28
7Networks_RH_Vis_30	29
7Networks_RH_SomMot_1	30
7Networks_RH_SomMot_2	31
7Networks_RH_SomMot_3	32
7Networks_RH_SomMot_4	33
7Networks_RH_SomMot_5	34
7Networks_RH_SomMot_6	35
7Networks_RH_SomMot_7	36
7Networks_RH_SomMot_8	37
7Networks_RH_SomMot_9	38
7Networks_RH_SomMot_10	39
7Networks_RH_SomMot_11	40
7Networks_RH_SomMot_12	41
7Networks_RH_SomMot_13	42
7Networks_RH_SomMot_14	43
7Networks_RH_SomMot_15	44
7Networks_RH_SomMot_16	45
7Networks_RH_SomMot_17	46
7Networks_RH_SomMot_18	47
7Networks_RH_SomMot_19	48
7Networks_RH_SomMot_20	49
7Networks_RH_SomMot_21	50
7Networks_RH_SomMot_22	51
7Networks_RH_SomMot_23	52
7Networks_RH_SomMot_24	53
7Networks_RH_SomMot_25	54
7Networks_RH_SomMot_26	55
7Networks_RH_SomMot_27	56
7Networks_RH_SomMot_28	57
7Networks_RH_SomMot_29	58
7Networks_RH_SomMot_30	59
7Networks_RH_SomMot_31	60
7Networks_RH_SomMot_32	61
7Networks_RH_SomMot_33	62
7Networks_RH_SomMot_34	63
7Networks_RH_SomMot_35	64
7Networks_RH_SomMot_36	65
7Networks_RH_SomMot_37	66
7Networks_RH_SomMot_38	67
7Networks_RH_SomMot_39	68
7Networks_RH_SomMot_40	69
7Networks_RH_DorsAttn_Post_1	70
7Networks_RH_DorsAttn_Post_2	71
7Networks_RH_DorsAttn_Post_3	72
7Networks_RH_DorsAttn_Post_4	73
7Networks_RH_DorsAttn_Post_5	74
7Networks_RH_DorsAttn_Post_6	75
7Networks_RH_DorsAttn_Post_7	76
7Networks_RH_DorsAttn_Post_8	77
7Networks_RH_DorsAttn_Post_9	78
7Networks_RH_DorsAttn_Post_10	79
7Networks_RH_DorsAttn_Post_11	80
7Networks_RH_DorsAttn_Post_12	81
7Networks_RH_DorsAttn_Post_13	82
7Networks_RH_DorsAttn_Post_14	83
7Networks_RH_DorsAttn_Post_15	84
7Networks_RH_DorsAttn_Post_16	85
7Networks_RH_DorsAttn_Post_17	86
7Networks_RH_DorsAttn_Post_18	87
7Networks_RH_DorsAttn_Post_19	88
7Networks_RH_DorsAttn_FEF_1	89
7Networks_RH_DorsAttn_FEF_2	90
7Networks_RH_DorsAttn_FEF_3	91
7Networks_RH_DorsAttn_PrCv_1	92
7Networks_RH_SalVentAttn_TempOccPar_1	93
7Networks_RH_SalVentAttn_TempOccPar_2	94
7Networks_RH_SalVentAttn_TempOccPar_3	95
7Networks_RH_SalVentAttn_TempOccPar_4	96
7Networks_RH_SalVentAttn_TempOccPar_5	97
7Networks_RH_SalVentAttn_TempOccPar_6	98
7Networks_RH_SalVentAttn_TempOccPar_7	99
7Networks_RH_SalVentAttn_PrC_1	100
7Networks_RH_SalVentAttn_FrOperIns_1	101
7Networks_RH_SalVentAttn_FrOperIns_2	102
7Networks_RH_SalVentAttn_FrOperIns_3	103
7Networks_RH_SalVentAttn_FrOperIns_4	104
7Networks_RH_SalVentAttn_FrOperIns_5	105
7Networks_RH_SalVentAttn_FrOperIns_6	106
7Networks_RH_SalVentAttn_FrOperIns_7	107
7Networks_RH_SalVentAttn_FrOperIns_8	108
7Networks_RH_SalVentAttn_PFCl_1	109
7Networks_RH_SalVentAttn_Med_1	110
7Networks_RH_SalVentAttn_Med_2	111
7Networks_RH_SalVentAttn_Med_3	112
7Networks_RH_SalVentAttn_Med_4	113
7Networks_RH_SalVentAttn_Med_5	114
7Networks_RH_SalVentAttn_Med_6	115
7Networks_RH_SalVentAttn_Med_7	116
7Networks_RH_SalVentAttn_Med_8	117
7Networks_RH_Limbic_OFC_1	118
7Networks_RH_Limbic_OFC_2	119
7Networks_RH_Limbic_OFC_3	120
7Networks_RH_Limbic_OFC_4	121
7Networks_RH_Limbic_OFC_5	122
7Networks_RH_Limbic_OFC_6	123
7Networks_RH_Limbic_TempPole_1	124
7Networks_RH_Limbic_TempPole_2	125
7Networks_RH_Limbic_TempPole_3	126
7Networks_RH_Limbic_TempPole_4	127
7Networks_RH_Limbic_TempPole_5	128
7Networks_RH_Limbic_TempPole_6	129
7Networks_RH_Limbic_TempPole_7	130
7Networks_RH_Cont_Par_1	131
7Networks_RH_Cont_Par_2	132
7Networks_RH_Cont_Par_3	133
7Networks_RH_Cont_Par_4	134
7Networks_RH_Cont_Par_5	135
7Networks_RH_Cont_Par_6	136
7Networks_RH_Cont_Temp_1	137
7Networks_RH_Cont_Temp_2	138
7Networks_RH_Cont_PFCv_1	139
7Networks_RH_Cont_PFCl_1	140
7Networks_RH_Cont_PFCl_2	141
7Networks_RH_Cont_PFCl_3	142
7Networks_RH_Cont_PFCl_4	143
7Networks_RH_Cont_PFCl_5	144
7Networks_RH_Cont_PFCl_6	145
7Networks_RH_Cont_PFCl_7	146
7Networks_RH_Cont_PFCl_8	147
7Networks_RH_Cont_PFCl_9	148
7Networks_RH_Cont_PFCl_10	149
7Networks_RH_Cont_PFCl_11	150
7Networks_RH_Cont_PFCl_12	151
7Networks_RH_Cont_PFCl_13	152
7Networks_RH_Cont_PFCl_14	153
7Networks_RH_Cont_PFCl_15	154
7Networks_RH_Cont_pCun_1	155
7Networks_RH_Cont_pCun_2	156
7Networks_RH_Cont_Cing_1	157
7Networks_RH_Cont_Cing_2	158
7Networks_RH_Cont_PFCmp_1	159
7Networks_RH_Cont_PFCmp_2	160
7Networks_RH_Default_Par_1	161
7Networks_RH_Default_Par_2	162
7Networks_RH_Default_Par_3	163
7Networks_RH_Default_Par_4	164
7Networks_RH_Default_Par_5	165
7Networks_RH_Default_Temp_1	166
7Networks_RH_Default_Temp_2	167
7Networks_RH_Default_Temp_3	168
7Networks_RH_Default_Temp_4	169
7Networks_RH_Default_Temp_5	170
7Networks_RH_Default_Temp_6	171
7Networks_RH_Default_Temp_7	172
7Networks_RH_Default_Temp_8	173
7Networks_RH_Default_PFCv_1	174
7Networks_RH_Default_PFCv_2	175
7Networks_RH_Default_PFCv_3	176
7Networks_RH_Default_PFCv_4	177
7Networks_RH_Default_PFCdPFCm_1	178
7Networks_RH_Default_PFCdPFCm_2	179
7Networks_RH_Default_PFCdPFCm_3	180
7Networks_RH_Default_PFCdPFCm_4	181
7Networks_RH_Default_PFCdPFCm_5	182
7Networks_RH_Default_PFCdPFCm_6	183
7Networks_RH_Default_PFCdPFCm_7	184
7Networks_RH_Default_PFCdPFCm_8	185
7Networks_RH_Default_PFCdPFCm_9	186
7Networks_RH_Default_PFCdPFCm_10	187
7Networks_RH_Default_PFCdPFCm_11	188
7Networks_RH_Default_PFCdPFCm_12	189
7Networks_RH_Default_PFCdPFCm_13	190
7Networks_RH_Default_pCunPCC_1	191
7Networks_RH_Default_pCunPCC_2	192
7Networks_RH_Default_pCunPCC_3	193
7Networks_RH_Default_pCunPCC_4	194
7Networks_RH_Default_pCunPCC_5	195
7Networks_RH_Default_pCunPCC_6	196
7Networks_RH_Default_pCunPCC_7	197
7Networks_RH_Default_pCunPCC_8	198
7Networks_RH_Default_pCunPCC_9	199
